<?xml version='1.1' encoding='UTF-8'?>
<project>
  <actions/>
  <description></description>
  <keepDependencies>false</keepDependencies>
  <properties>
    <com.dabsquared.gitlabjenkins.connection.GitLabConnectionProperty plugin="gitlab-plugin@1.5.11">
      <gitLabConnection>gitlab</gitLabConnection>
    </com.dabsquared.gitlabjenkins.connection.GitLabConnectionProperty>
  </properties>
  <scm class="hudson.plugins.git.GitSCM" plugin="git@3.9.3">
    <configVersion>2</configVersion>
    <userRemoteConfigs>
      <hudson.plugins.git.UserRemoteConfig>
        <url>http://140.134.26.71:20008/root/web-hw4.git</url>
        <credentialsId>gitlab_root</credentialsId>
      </hudson.plugins.git.UserRemoteConfig>
    </userRemoteConfigs>
    <branches>
      <hudson.plugins.git.BranchSpec>
        <name>*/master</name>
      </hudson.plugins.git.BranchSpec>
    </branches>
    <doGenerateSubmoduleConfigurations>false</doGenerateSubmoduleConfigurations>
    <submoduleCfg class="list"/>
    <extensions/>
  </scm>
  <canRoam>true</canRoam>
  <disabled>false</disabled>
  <blockBuildWhenDownstreamBuilding>false</blockBuildWhenDownstreamBuilding>
  <blockBuildWhenUpstreamBuilding>false</blockBuildWhenUpstreamBuilding>
  <authToken>02031fefb728e700973b6f3e5023a64c</authToken>
  <triggers>
    <com.dabsquared.gitlabjenkins.GitLabPushTrigger plugin="gitlab-plugin@1.5.11">
      <spec></spec>
      <triggerOnPush>true</triggerOnPush>
      <triggerOnMergeRequest>true</triggerOnMergeRequest>
      <triggerOnPipelineEvent>false</triggerOnPipelineEvent>
      <triggerOnAcceptedMergeRequest>false</triggerOnAcceptedMergeRequest>
      <triggerOnClosedMergeRequest>false</triggerOnClosedMergeRequest>
      <triggerOnApprovedMergeRequest>false</triggerOnApprovedMergeRequest>
      <triggerOpenMergeRequestOnPush>never</triggerOpenMergeRequestOnPush>
      <triggerOnNoteRequest>true</triggerOnNoteRequest>
      <noteRegex>Jenkins please retry a build</noteRegex>
      <ciSkip>true</ciSkip>
      <skipWorkInProgressMergeRequest>true</skipWorkInProgressMergeRequest>
      <setBuildDescription>true</setBuildDescription>
      <branchFilterType>All</branchFilterType>
      <includeBranchesSpec></includeBranchesSpec>
      <excludeBranchesSpec></excludeBranchesSpec>
      <sourceBranchRegex></sourceBranchRegex>
      <targetBranchRegex></targetBranchRegex>
      <secretToken>{AQAAABAAAAAgvKvsLTn070k2c+VwHsXs5d2MYAzeGzXzROR+JPIInEF3RNjbBFPbdWNgFLAyA8eQ}</secretToken>
      <pendingBuildName></pendingBuildName>
      <cancelPendingBuildsOnUpdate>false</cancelPendingBuildsOnUpdate>
    </com.dabsquared.gitlabjenkins.GitLabPushTrigger>
    <hudson.triggers.SCMTrigger>
      <spec>*/5 * * * *</spec>
      <ignorePostCommitHooks>false</ignorePostCommitHooks>
    </hudson.triggers.SCMTrigger>
  </triggers>
  <concurrentBuild>false</concurrentBuild>
  <builders>
    <hudson.plugins.build__timeout.BuildStepWithTimeout plugin="build-timeout@1.19">
      <strategy class="hudson.plugins.build_timeout.impl.AbsoluteTimeOutStrategy">
        <timeoutMinutes>15</timeoutMinutes>
      </strategy>
      <buildStep class="org.jenkinsci.plugins.AssessmentBuilder" plugin="jenkins-progedu@1.0-SNAPSHOT">
        <jobName>root_WEB-HW1</jobName>
        <testFileName>WEB-HW1</testFileName>
        <proDetailUrl>http://140.134.26.71:10008/ProgEdu/webapi/project/checksum?proName=WEB-HW1</proDetailUrl>
        <testFileUrl>http://140.134.26.71:10008/ProgEdu/webapi/jenkins/getTestFile?filePath=/usr/local/tomcat/temp/tests/WEB-HW1.zip</testFileUrl>
        <testFileChecksum>2354726748</testFileChecksum>
        <testFilePath></testFilePath>
      </buildStep>
      <operationList>
        <hudson.plugins.build__timeout.operations.FailOperation/>
      </operationList>
    </hudson.plugins.build__timeout.BuildStepWithTimeout>
    <hudson.plugins.build__timeout.BuildStepWithTimeout plugin="build-timeout@1.19">
      <strategy class="hudson.plugins.build_timeout.impl.AbsoluteTimeOutStrategy">
        <timeoutMinutes>15</timeoutMinutes>
      </strategy>
      <buildStep class="hudson.tasks.Shell">
        <command>npm install --save selenium-webdriver
npm run test
npm run checkstyle</command>
      </buildStep>
      <operationList>
        <hudson.plugins.build__timeout.operations.FailOperation/>
      </operationList>
    </hudson.plugins.build__timeout.BuildStepWithTimeout>
  </builders>
  <publishers>
    <hudson.plugins.checkstyle.CheckStylePublisher plugin="checkstyle@4.0.0">
      <healthy></healthy>
      <unHealthy></unHealthy>
      <thresholdLimit>low</thresholdLimit>
      <pluginName>[CHECKSTYLE] </pluginName>
      <defaultEncoding></defaultEncoding>
      <canRunOnFailed>true</canRunOnFailed>
      <usePreviousBuildAsReference>false</usePreviousBuildAsReference>
      <useStableBuildAsReference>false</useStableBuildAsReference>
      <useDeltaValues>false</useDeltaValues>
      <thresholds plugin="analysis-core@1.95">
        <unstableTotalAll></unstableTotalAll>
        <unstableTotalHigh></unstableTotalHigh>
        <unstableTotalNormal></unstableTotalNormal>
        <unstableTotalLow></unstableTotalLow>
        <unstableNewAll></unstableNewAll>
        <unstableNewHigh></unstableNewHigh>
        <unstableNewNormal></unstableNewNormal>
        <unstableNewLow></unstableNewLow>
        <failedTotalAll></failedTotalAll>
        <failedTotalHigh></failedTotalHigh>
        <failedTotalNormal></failedTotalNormal>
        <failedTotalLow></failedTotalLow>
        <failedNewAll></failedNewAll>
        <failedNewHigh></failedNewHigh>
        <failedNewNormal></failedNewNormal>
        <failedNewLow></failedNewLow>
      </thresholds>
      <shouldDetectModules>false</shouldDetectModules>
      <dontComputeNew>true</dontComputeNew>
      <doNotResolveRelativePaths>false</doNotResolveRelativePaths>
      <pattern>eslintReport.xml,htmlhintReport.xml</pattern>
    </hudson.plugins.checkstyle.CheckStylePublisher>
    <org.jenkinsci.plugins.UpdatingDbPublisher plugin="jenkins-progedu@1.0-SNAPSHOT">
      <progeduDbUrl>http://140.134.26.71:10008/ProgEdu/webapi/commits/update</progeduDbUrl>
      <user>root</user>
      <proName>WEB-HW4</proName>
    </org.jenkinsci.plugins.UpdatingDbPublisher>
    <hudson.plugins.ws__cleanup.WsCleanup plugin="ws-cleanup@0.37">
      <patterns class="empty-list"/>
      <deleteDirs>false</deleteDirs>
      <skipWhenFailed>false</skipWhenFailed>
      <cleanWhenSuccess>true</cleanWhenSuccess>
      <cleanWhenUnstable>true</cleanWhenUnstable>
      <cleanWhenFailure>true</cleanWhenFailure>
      <cleanWhenNotBuilt>true</cleanWhenNotBuilt>
      <cleanWhenAborted>true</cleanWhenAborted>
      <notFailBuild>false</notFailBuild>
      <cleanupMatrixParent>false</cleanupMatrixParent>
      <externalDelete></externalDelete>
      <disableDeferredWipeout>false</disableDeferredWipeout>
    </hudson.plugins.ws__cleanup.WsCleanup>
  </publishers>
  <buildWrappers>
    <jenkins.plugins.nodejs.NodeJSBuildWrapper plugin="nodejs@1.2.8">
      <nodeJSInstallationName>Global</nodeJSInstallationName>
    </jenkins.plugins.nodejs.NodeJSBuildWrapper>
  </buildWrappers>
</project>