<?xml version='1.0' encoding='UTF-8'?>
<project>
  <actions/>
  <description></description>
  <keepDependencies>false</keepDependencies>
  <properties>
    <com.sonyericsson.jenkins.plugins.bfa.model.ScannerJobProperty plugin="build-failure-analyzer@1.19.0">
      <doNotScan>false</doNotScan>
    </com.sonyericsson.jenkins.plugins.bfa.model.ScannerJobProperty>
    <com.dabsquared.gitlabjenkins.connection.GitLabConnectionProperty plugin="gitlab-plugin@1.4.3">
      <gitLabConnection>gitlab</gitLabConnection>
    </com.dabsquared.gitlabjenkins.connection.GitLabConnectionProperty>
  </properties>
  <scm class="hudson.plugins.git.GitSCM" plugin="git@3.5.1">
    <configVersion>2</configVersion>
    <userRemoteConfigs>
      <hudson.plugins.git.UserRemoteConfig>
        <url>http://140.134.26.71:20080/d00001235/oop-hw2.git</url>
        <credentialsId>gitlab_root</credentialsId>
      </hudson.plugins.git.UserRemoteConfig>
    </userRemoteConfigs>
    <branches>
      <hudson.plugins.git.BranchSpec>
        <name>*/master</name>
      </hudson.plugins.git.BranchSpec>
    </branches>
    <doGenerateSubmoduleConfigurations>false</doGenerateSubmoduleConfigurations>
    <submoduleCfg class="list"/>
    <extensions/>
  </scm>
  <canRoam>true</canRoam>
  <disabled>false</disabled>
  <blockBuildWhenDownstreamBuilding>false</blockBuildWhenDownstreamBuilding>
  <blockBuildWhenUpstreamBuilding>false</blockBuildWhenUpstreamBuilding>
  <authToken>02031fefb728e700973b6f3e5023a64c</authToken>
  <triggers>
    <com.dabsquared.gitlabjenkins.GitLabPushTrigger plugin="gitlab-plugin@1.4.3">
      <spec></spec>
      <triggerOnPush>true</triggerOnPush>
      <triggerOnMergeRequest>true</triggerOnMergeRequest>
      <triggerOpenMergeRequestOnPush>never</triggerOpenMergeRequestOnPush>
      <triggerOnNoteRequest>true</triggerOnNoteRequest>
      <noteRegex>Jenkins please retry a build</noteRegex>
      <ciSkip>true</ciSkip>
      <skipWorkInProgressMergeRequest>true</skipWorkInProgressMergeRequest>
      <setBuildDescription>true</setBuildDescription>
      <branchFilterType>All</branchFilterType>
      <includeBranchesSpec></includeBranchesSpec>
      <excludeBranchesSpec></excludeBranchesSpec>
      <targetBranchRegex></targetBranchRegex>
      <secretToken>e2p05zNL5GQgsbZnVcGlCQ==</secretToken>
    </com.dabsquared.gitlabjenkins.GitLabPushTrigger>
    <hudson.triggers.SCMTrigger>
      <spec>*/5 * * * *</spec>
      <ignorePostCommitHooks>false</ignorePostCommitHooks>
    </hudson.triggers.SCMTrigger>
  </triggers>
  <concurrentBuild>false</concurrentBuild>
  <builders>
    <hudson.plugins.build__timeout.BuildStepWithTimeout plugin="build-timeout@1.19">
      <strategy class="hudson.plugins.build_timeout.impl.AbsoluteTimeOutStrategy">
        <timeoutMinutes>15</timeoutMinutes>
      </strategy>
      <buildStep class="org.jenkinsci.plugins.AssessmentBuilder" plugin="jenkins-progedu@1.0-SNAPSHOT">
        <jobName>root_OOP-HW4</jobName>
        <testFileName>OOP-HW4</testFileName>
        <proDetailUrl>http://140.134.26.71:10008/ProgEdu/webapi/project/checksum?proName=OOP-HW4</proDetailUrl>
        <testFileUrl>http://140.134.26.71:10088/ProgEdu/webapi/jenkins/getTestFile?filePath=/usr/local/tomcat/temp/tests/OOP-HW2.zip</testFileUrl>
        <testFileChecksum>2120768370</testFileChecksum>
        <testFilePath></testFilePath>
      </buildStep>
      <operationList>
        <hudson.plugins.build__timeout.operations.FailOperation/>
      </operationList>
    </hudson.plugins.build__timeout.BuildStepWithTimeout>
    <hudson.plugins.build__timeout.BuildStepWithTimeout plugin="build-timeout@1.19">
      <strategy class="hudson.plugins.build_timeout.impl.AbsoluteTimeOutStrategy">
        <timeoutMinutes>15</timeoutMinutes>
      </strategy>
      <buildStep class="hudson.tasks.Maven">
        <targets>package</targets>
        <mavenName>Global</mavenName>
        <usePrivateRepository>false</usePrivateRepository>
        <settings class="jenkins.mvn.DefaultSettingsProvider"/>
        <globalSettings class="jenkins.mvn.DefaultGlobalSettingsProvider"/>
        <injectBuildVariables>false</injectBuildVariables>
      </buildStep>
      <operationList>
        <hudson.plugins.build__timeout.operations.FailOperation/>
      </operationList>
    </hudson.plugins.build__timeout.BuildStepWithTimeout>
  </builders>
  <publishers>
    <hudson.plugins.checkstyle.CheckStylePublisher plugin="checkstyle@3.49">
      <healthy></healthy>
      <unHealthy></unHealthy>
      <thresholdLimit>low</thresholdLimit>
      <pluginName>[CHECKSTYLE] </pluginName>
      <defaultEncoding></defaultEncoding>
      <canRunOnFailed>false</canRunOnFailed>
      <usePreviousBuildAsReference>false</usePreviousBuildAsReference>
      <useStableBuildAsReference>false</useStableBuildAsReference>
      <useDeltaValues>false</useDeltaValues>
      <thresholds plugin="analysis-core@1.90">
        <unstableTotalAll></unstableTotalAll>
        <unstableTotalHigh></unstableTotalHigh>
        <unstableTotalNormal></unstableTotalNormal>
        <unstableTotalLow></unstableTotalLow>
        <unstableNewAll></unstableNewAll>
        <unstableNewHigh></unstableNewHigh>
        <unstableNewNormal></unstableNewNormal>
        <unstableNewLow></unstableNewLow>
        <failedTotalAll></failedTotalAll>
        <failedTotalHigh></failedTotalHigh>
        <failedTotalNormal></failedTotalNormal>
        <failedTotalLow></failedTotalLow>
        <failedNewAll></failedNewAll>
        <failedNewHigh></failedNewHigh>
        <failedNewNormal></failedNewNormal>
        <failedNewLow></failedNewLow>
      </thresholds>
      <shouldDetectModules>false</shouldDetectModules>
      <dontComputeNew>true</dontComputeNew>
      <doNotResolveRelativePaths>false</doNotResolveRelativePaths>
      <pattern></pattern>
    </hudson.plugins.checkstyle.CheckStylePublisher>
    <hudson.plugins.violations.ViolationsPublisher plugin="violations@0.7.11">
      <config>
        <suppressions class="sorted-set"/>
        <typeConfigs>
          <entry>
            <string>checkstyle</string>
            <hudson.plugins.violations.TypeConfig>
              <type>checkstyle</type>
              <min>10</min>
              <max>999</max>
              <unstable>999</unstable>
              <usePattern>false</usePattern>
              <pattern>**/checkstyle-result.xml</pattern>
            </hudson.plugins.violations.TypeConfig>
          </entry>
          <entry>
            <string>codenarc</string>
            <hudson.plugins.violations.TypeConfig>
              <type>codenarc</type>
              <min>10</min>
              <max>999</max>
              <unstable>999</unstable>
              <usePattern>false</usePattern>
              <pattern></pattern>
            </hudson.plugins.violations.TypeConfig>
          </entry>
          <entry>
            <string>cpd</string>
            <hudson.plugins.violations.TypeConfig>
              <type>cpd</type>
              <min>10</min>
              <max>999</max>
              <unstable>999</unstable>
              <usePattern>false</usePattern>
              <pattern></pattern>
            </hudson.plugins.violations.TypeConfig>
          </entry>
          <entry>
            <string>cpplint</string>
            <hudson.plugins.violations.TypeConfig>
              <type>cpplint</type>
              <min>10</min>
              <max>999</max>
              <unstable>999</unstable>
              <usePattern>false</usePattern>
              <pattern></pattern>
            </hudson.plugins.violations.TypeConfig>
          </entry>
          <entry>
            <string>csslint</string>
            <hudson.plugins.violations.TypeConfig>
              <type>csslint</type>
              <min>10</min>
              <max>999</max>
              <unstable>999</unstable>
              <usePattern>false</usePattern>
              <pattern></pattern>
            </hudson.plugins.violations.TypeConfig>
          </entry>
          <entry>
            <string>findbugs</string>
            <hudson.plugins.violations.TypeConfig>
              <type>findbugs</type>
              <min>10</min>
              <max>999</max>
              <unstable>999</unstable>
              <usePattern>false</usePattern>
              <pattern></pattern>
            </hudson.plugins.violations.TypeConfig>
          </entry>
          <entry>
            <string>fxcop</string>
            <hudson.plugins.violations.TypeConfig>
              <type>fxcop</type>
              <min>10</min>
              <max>999</max>
              <unstable>999</unstable>
              <usePattern>false</usePattern>
              <pattern></pattern>
            </hudson.plugins.violations.TypeConfig>
          </entry>
          <entry>
            <string>gendarme</string>
            <hudson.plugins.violations.TypeConfig>
              <type>gendarme</type>
              <min>10</min>
              <max>999</max>
              <unstable>999</unstable>
              <usePattern>false</usePattern>
              <pattern></pattern>
            </hudson.plugins.violations.TypeConfig>
          </entry>
          <entry>
            <string>jcreport</string>
            <hudson.plugins.violations.TypeConfig>
              <type>jcreport</type>
              <min>10</min>
              <max>999</max>
              <unstable>999</unstable>
              <usePattern>false</usePattern>
              <pattern></pattern>
            </hudson.plugins.violations.TypeConfig>
          </entry>
          <entry>
            <string>jslint</string>
            <hudson.plugins.violations.TypeConfig>
              <type>jslint</type>
              <min>10</min>
              <max>999</max>
              <unstable>999</unstable>
              <usePattern>false</usePattern>
              <pattern></pattern>
            </hudson.plugins.violations.TypeConfig>
          </entry>
          <entry>
            <string>pep8</string>
            <hudson.plugins.violations.TypeConfig>
              <type>pep8</type>
              <min>10</min>
              <max>999</max>
              <unstable>999</unstable>
              <usePattern>false</usePattern>
              <pattern></pattern>
            </hudson.plugins.violations.TypeConfig>
          </entry>
          <entry>
            <string>perlcritic</string>
            <hudson.plugins.violations.TypeConfig>
              <type>perlcritic</type>
              <min>10</min>
              <max>999</max>
              <unstable>999</unstable>
              <usePattern>false</usePattern>
              <pattern></pattern>
            </hudson.plugins.violations.TypeConfig>
          </entry>
          <entry>
            <string>pmd</string>
            <hudson.plugins.violations.TypeConfig>
              <type>pmd</type>
              <min>10</min>
              <max>999</max>
              <unstable>999</unstable>
              <usePattern>false</usePattern>
              <pattern></pattern>
            </hudson.plugins.violations.TypeConfig>
          </entry>
          <entry>
            <string>pylint</string>
            <hudson.plugins.violations.TypeConfig>
              <type>pylint</type>
              <min>10</min>
              <max>999</max>
              <unstable>999</unstable>
              <usePattern>false</usePattern>
              <pattern></pattern>
            </hudson.plugins.violations.TypeConfig>
          </entry>
          <entry>
            <string>simian</string>
            <hudson.plugins.violations.TypeConfig>
              <type>simian</type>
              <min>10</min>
              <max>999</max>
              <unstable>999</unstable>
              <usePattern>false</usePattern>
              <pattern></pattern>
            </hudson.plugins.violations.TypeConfig>
          </entry>
          <entry>
            <string>stylecop</string>
            <hudson.plugins.violations.TypeConfig>
              <type>stylecop</type>
              <min>10</min>
              <max>999</max>
              <unstable>999</unstable>
              <usePattern>false</usePattern>
              <pattern></pattern>
            </hudson.plugins.violations.TypeConfig>
          </entry>
        </typeConfigs>
        <limit>100</limit>
        <sourcePathPattern></sourcePathPattern>
        <fauxProjectPath></fauxProjectPath>
        <encoding>UTF-8</encoding>
      </config>
    </hudson.plugins.violations.ViolationsPublisher>
    <org.jenkinsci.plugins.UpdatingDbPublisher plugin="jenkins-progedu@1.0-SNAPSHOT">
      <progeduDbUrl>http://140.134.26.71:10088/ProgEdu/webapi/commits/update</progeduDbUrl>
      <user>D00001235</user>
      <proName>OOP-HW2</proName>
    </org.jenkinsci.plugins.UpdatingDbPublisher>
        <hudson.plugins.ws__cleanup.WsCleanup plugin="ws-cleanup@0.32">
      <patterns class="empty-list"/>
      <deleteDirs>false</deleteDirs>
      <skipWhenFailed>false</skipWhenFailed>
      <cleanWhenSuccess>true</cleanWhenSuccess>
      <cleanWhenUnstable>true</cleanWhenUnstable>
      <cleanWhenFailure>true</cleanWhenFailure>
      <cleanWhenNotBuilt>true</cleanWhenNotBuilt>
      <cleanWhenAborted>true</cleanWhenAborted>
      <notFailBuild>false</notFailBuild>
      <cleanupMatrixParent>false</cleanupMatrixParent>
      <externalDelete></externalDelete>
    </hudson.plugins.ws__cleanup.WsCleanup>
  </publishers>
  <buildWrappers/>
</project>