<?xml version="1.0" encoding="UTF-8" standalone="no"?><project>
  <actions/>
  <description/>
  <keepDependencies>false</keepDependencies>
  <properties>
    <com.dabsquared.gitlabjenkins.connection.GitLabConnectionProperty plugin="gitlab-plugin@1.4.3">
      <gitLabConnection>gitlab</gitLabConnection>
    </com.dabsquared.gitlabjenkins.connection.GitLabConnectionProperty>
  </properties>
  <scm class="hudson.plugins.git.GitSCM" plugin="git@3.0.1">
    <configVersion>2</configVersion>
    <userRemoteConfigs>
      <hudson.plugins.git.UserRemoteConfig>
        <url>http://140.134.26.71:20080/m0602765/oop-hw1.git</url>
        <credentialsId>gitlab_root</credentialsId>
      </hudson.plugins.git.UserRemoteConfig>
    </userRemoteConfigs>
    <branches>
      <hudson.plugins.git.BranchSpec>
        <name>*/master</name>
      </hudson.plugins.git.BranchSpec>
    </branches>
    <doGenerateSubmoduleConfigurations>false</doGenerateSubmoduleConfigurations>
    <submoduleCfg class="list"/>
    <extensions/>
  </scm>
  <canRoam>true</canRoam>
  <disabled>false</disabled>
  <blockBuildWhenDownstreamBuilding>false</blockBuildWhenDownstreamBuilding>
  <blockBuildWhenUpstreamBuilding>false</blockBuildWhenUpstreamBuilding>
  <authToken>02031fefb728e700973b6f3e5023a64c</authToken>
  <triggers>
    <com.dabsquared.gitlabjenkins.GitLabPushTrigger plugin="gitlab-plugin@1.4.3">
      <spec/>
      <triggerOnPush>true</triggerOnPush>
      <triggerOnMergeRequest>true</triggerOnMergeRequest>
      <triggerOpenMergeRequestOnPush>never</triggerOpenMergeRequestOnPush>
      <triggerOnNoteRequest>true</triggerOnNoteRequest>
      <noteRegex>Jenkins please retry a build</noteRegex>
      <ciSkip>true</ciSkip>
      <skipWorkInProgressMergeRequest>true</skipWorkInProgressMergeRequest>
      <setBuildDescription>true</setBuildDescription>
      <branchFilterType>All</branchFilterType>
      <includeBranchesSpec/>
      <excludeBranchesSpec/>
      <targetBranchRegex/>
      <secretToken>e2p05zNL5GQgsbZnVcGlCQ==</secretToken>
    </com.dabsquared.gitlabjenkins.GitLabPushTrigger>
    <hudson.triggers.SCMTrigger>
      <spec>*/5 * * * *</spec>
      <ignorePostCommitHooks>false</ignorePostCommitHooks>
    </hudson.triggers.SCMTrigger>
  </triggers>
  <concurrentBuild>false</concurrentBuild>
  <builders>
    <hudson.tasks.Shell>
      <command>javac src/*.java</command>
    </hudson.tasks.Shell>
  </builders>
  <publishers>
  	<org.jenkinsci.plugins.UpdatingDbPublisher plugin="jenkins-progedu@1.0-SNAPSHOT">
      <progeduDbUrl>http://140.134.26.72:8080/ProgEdu/webapi/commits/update</progeduDbUrl>
      <user>M0605103</user>
      <proName>OOP-HW10</proName>
    </org.jenkinsci.plugins.UpdatingDbPublisher>
        <hudson.plugins.ws__cleanup.WsCleanup plugin="ws-cleanup@0.32">
      <patterns class="empty-list"/>
      <deleteDirs>false</deleteDirs>
      <skipWhenFailed>false</skipWhenFailed>
      <cleanWhenSuccess>true</cleanWhenSuccess>
      <cleanWhenUnstable>true</cleanWhenUnstable>
      <cleanWhenFailure>true</cleanWhenFailure>
      <cleanWhenNotBuilt>true</cleanWhenNotBuilt>
      <cleanWhenAborted>true</cleanWhenAborted>
      <notFailBuild>false</notFailBuild>
      <cleanupMatrixParent>false</cleanupMatrixParent>
      <externalDelete></externalDelete>
    </hudson.plugins.ws__cleanup.WsCleanup>
  </publishers>
  <buildWrappers/>
</project>